,Run,Window Size,Number of Obstacles,Momentum Enabled,Tagger Average Speed,Taggee Average Speed,Tagger Distance Covered,Taggee Distance Covered,Tagger Avg Left/Avg Right,Taggee Avg Left/Avg Right,Run Length,End State,Winner
0,1702247389,640,10,False,2.4590163,2.2131147,144.45592,123.64545,0.29/0.25,0.34/0.25,61,TAGGER_HIT_OBS,TAGGEE
1,1702247393,640,10,False,2.46212124824524,2.215909004211426,151.3314208984375,137.127685546875,0.28/0.24,0.24/0.29,66,TAGGEE_HIT_OBS,TAGGER
2,1702247394,640,10,False,2.470588207244873,2.22352933883667,165.42236328125,179.59918212890625,0.17/0.31,0.28/0.20,85,TAGGER_OOB,TAGGEE
3,1702247398,640,10,False,2.480769157409668,2.232692241668701,297.2911376953125,248.6687927246093,0.29/0.27,0.20/0.27,130,TAGGEE_OOB,TAGGER
4,1702247401,640,10,False,2.4675323963165283,2.2207791805267334,182.69058227539065,161.3194122314453,0.26/0.23,0.24/0.27,77,TAGGER_HIT_OBS,TAGGEE
5,1702247405,640,10,False,2.4800000190734863,2.2320001125335693,288.248779296875,241.18527221679688,0.30/0.24,0.23/0.30,125,TAGGEE_OOB,TAGGER
6,1702247410,640,10,False,2.4683544635772705,2.221518993377685,178.613037109375,167.0299072265625,0.23/0.28,0.26/0.27,79,TAGGEE_OOB,TAGGER
7,1702247412,640,10,False,2.461538553237915,2.215384721755981,148.20301818847656,130.4026336669922,0.30/0.23,0.24/0.32,65,TAGGER_HIT_OBS,TAGGEE
8,1702247415,640,10,False,2.4642856121063232,2.2178571224212646,165.643798828125,149.90200805664062,0.26/0.25,0.23/0.22,70,TAGGER_OOB,TAGGEE
9,1702247418,640,10,False,2.462686538696289,2.216418027877808,156.99781799316406,144.8223419189453,0.25/0.22,0.23/0.26,67,TAGGEE_OOB,TAGGER
10,1702247422,640,10,False,2.4657533168792725,2.2191781997680664,171.32569885253906,156.42222595214844,0.29/0.23,0.29/0.25,73,TAGGEE_OOB,TAGGER
11,1702247428,640,10,False,2.470238208770752,2.2232143878936768,187.3595428466797,170.1549072265625,0.21/0.26,0.30/0.23,84,TAGGER_OOB,TAGGEE
12,1702247431,640,10,False,2.4768519401550293,2.2291667461395264,255.53797912597656,234.7683563232422,0.23/0.27,0.25/0.24,108,TAGGEE_OOB,TAGGER
13,1702247434,640,10,False,2.4691357612609863,2.222222328186035,178.3820037841797,174.7958221435547,0.29/0.20,0.24/0.27,81,TAGGEE_OOB,TAGGER
14,1702247437,640,10,False,2.4761905670166016,2.2285714149475098,229.03843688964844,200.3346099853516,0.23/0.32,0.18/0.29,105,TAGGER_OOB,TAGGEE
15,1702247441,640,10,False,2.465277671813965,2.21875,170.44039916992188,155.2008056640625,0.26/0.19,0.21/0.22,72,TAGGEE_OOB,TAGGER
16,1702247444,640,10,False,2.487684726715088,2.2389161586761475,463.162353515625,400.21527099609375,0.27/0.23,0.20/0.27,203,TAGGER_OOB,TAGGEE
17,1702247450,640,10,False,2.465277671813965,2.21875,166.87399291992188,152.93850708007812,0.30/0.20,0.18/0.28,72,TAGGER_OOB,TAGGEE
18,1702247452,640,10,False,2.475247621536255,2.227722883224488,239.9420318603516,216.45086669921875,0.20/0.24,0.23/0.25,101,TAGGER_OOB,TAGGEE
19,1702247457,640,10,False,2.4728260040283203,2.22554349899292,211.84146118164065,192.4800720214844,0.20/0.26,0.27/0.24,92,TAGGER_OOB,TAGGEE
20,1702247459,640,10,False,2.491166114807129,2.2420494556427,429.4597778320313,370.3498840332031,0.28/0.23,0.28/0.22,283,TAGGER_HIT_OBS,TAGGEE
21,1702247466,640,10,False,2.4590163230896,2.2131147384643555,121.45811462402344,127.2761459350586,0.38/0.18,0.25/0.27,61,TAGGER_OOB,TAGGEE
22,1702247472,640,10,False,2.4780702590942383,2.2302632331848145,264.0980834960937,224.2586212158203,0.27/0.23,0.29/0.26,114,TAGGER_OOB,TAGGEE
23,1702247475,640,10,False,2.4666666984558105,2.220000028610229,168.69296264648438,161.64617919921875,0.28/0.21,0.25/0.21,75,TAGGER_HIT_OBS,TAGGEE
24,1702247479,640,10,False,2.459677457809448,2.213709592819214,148.98851013183594,128.70742797851562,0.24/0.28,0.28/0.23,62,TAGGEE_HIT_OBS,TAGGER
25,1702247480,640,10,False,2.48633885383606,2.2377049922943115,432.9566955566406,345.014404296875,0.24/0.25,0.19/0.25,183,TAGGEE_OOB,TAGGER
26,1702247485,640,10,False,2.4778761863708496,2.230088472366333,270.4927062988281,240.0571746826172,0.27/0.25,0.28/0.24,113,TAGGEE_OOB,TAGGER
27,1702247489,640,10,False,2.479674816131592,2.2317073345184326,268.54156494140625,265.7771911621094,0.27/0.24,0.24/0.25,123,TAGGEE_OOB,TAGGER
28,1702247493,640,10,False,2.46212124824524,2.215909004211426,151.10528564453125,142.4641876220703,0.30/0.20,0.24/0.24,66,TAGGER_HIT_OBS,TAGGEE
29,1702247496,640,10,False,2.4728260040283203,2.22554349899292,216.255615234375,199.6702117919922,0.24/0.28,0.26/0.24,92,TAGGEE_OOB,TAGGER
30,1702247498,640,10,False,2.4590163230896,2.2131147384643555,143.17298889160156,130.6874542236328,0.27/0.23,0.19/0.24,61,TAGGER_OOB,TAGGEE
31,1702247507,640,10,False,2.487244844436645,2.238520383834839,352.1290588378906,394.911865234375,0.30/0.20,0.25/0.23,196,TAGGER_OOB,TAGGEE
32,1702247513,640,10,False,2.477272748947144,2.22954535484314,260.5511169433594,222.33425903320312,0.27/0.26,0.23/0.30,110,TAGGER_HIT_OBS,TAGGEE
33,1702247518,640,10,False,2.4647886753082275,2.2183098793029785,169.47833251953125,152.01605224609375,0.26/0.25,0.26/0.27,71,TAGGER_OOB,TAGGEE
34,1702247520,640,10,False,2.475961446762085,2.228365421295166,241.547119140625,224.70016479492188,0.25/0.24,0.24/0.28,104,TAGGER_OOB,TAGGEE
35,1702247523,640,10,False,2.471264362335205,2.224138021469116,207.20343017578125,185.4943389892578,0.27/0.28,0.30/0.24,87,TAGGER_OOB,TAGGEE
36,1702247526,640,10,False,2.4778761863708496,2.230088472366333,263.86737060546875,223.91119384765625,0.25/0.25,0.23/0.27,113,TAGGER_OOB,TAGGEE
37,1702247529,640,10,False,2.479674816131592,2.2317073345184326,294.7622985839844,257.9593200683594,0.23/0.27,0.28/0.22,123,TAGGER_OOB,TAGGEE
38,1702247536,640,10,False,2.4809160232543945,2.2328243255615234,317.09283447265625,282.59600830078125,0.25/0.25,0.24/0.26,131,TAGGEE_OOB,TAGGER
39,1702247543,640,10,False,2.469512224197388,2.22256088256836,195.8013153076172,177.243896484375,0.25/0.24,0.25/0.22,82,TAGGER_OOB,TAGGEE
40,1702247546,640,10,False,2.480158805847168,2.232142925262451,306.4541015625,268.7963562011719,0.22/0.21,0.25/0.27,126,TAGGEE_OOB,TAGGER
41,1702247549,640,10,False,2.4691357612609863,2.222222328186035,172.83840942382812,167.13418579101562,0.21/0.29,0.20/0.31,81,TAGGEE_OOB,TAGGER
42,1702247554,640,10,False,2.4739582538604736,2.2265625,205.2723693847656,206.5927734375,0.29/0.24,0.22/0.30,96,TAGGER_OOB,TAGGEE
43,1702247557,640,10,False,2.46212124824524,2.215909004211426,146.41986083984375,132.37208557128906,0.33/0.21,0.16/0.30,66,TAGGER_OOB,TAGGEE
44,1702247560,640,10,False,2.4642856121063232,2.2178571224212646,166.66639709472656,151.36248779296875,0.20/0.27,0.29/0.25,70,TAGGER_OOB,TAGGEE
45,1702247562,640,10,False,2.472527503967285,2.2252748012542725,217.2824859619141,197.73741149902344,0.23/0.20,0.26/0.22,91,TAGGER_HIT_OBS,TAGGEE
46,1702247564,640,10,False,2.4671051502227783,2.2203948497772217,177.61270141601562,156.39547729492188,0.27/0.23,0.24/0.22,76,TAGGEE_HIT_OBS,TAGGER
47,1702247568,640,10,False,2.466216325759888,2.2195944786071777,175.93128967285156,157.573974609375,0.26/0.25,0.24/0.28,74,TAGGEE_OOB,TAGGER
48,1702247577,640,10,False,2.484939813613892,2.236445665359497,381.5431823730469,303.8378295898437,0.25/0.25,0.22/0.29,166,TAGGER_OOB,TAGGEE
49,1702247582,640,10,False,2.4852070808410645,2.2366864681243896,389.5811767578125,345.8121032714844,0.26/0.27,0.25/0.27,169,TAGGEE_OOB,TAGGER
50,1702247587,640,10,False,2.48427677154541,2.235849142074585,368.5690307617188,264.5491638183594,0.23/0.25,0.30/0.23,159,TAGGEE_OOB,TAGGER
51,1702247591,640,10,False,2.4647886753082275,2.2183098793029785,165.34024047851562,143.12567138671875,0.32/0.21,0.20/0.29,71,TAGGER_OOB,TAGGEE
52,1702247596,640,10,False,2.4768519401550293,2.2291667461395264,260.7428283691406,220.9884796142578,0.27/0.27,0.29/0.24,108,TAGGER_HIT_OBS,TAGGEE
53,1702247600,640,10,False,2.46794867515564,2.221153736114502,182.55616760253903,166.18016052246094,0.28/0.23,0.28/0.26,78,TAGGEE_OOB,TAGGER
54,1702247603,640,10,False,2.4642856121063232,2.2178571224212646,144.0034942626953,148.40863037109375,0.32/0.21,0.27/0.29,70,TAGGER_OOB,TAGGEE
55,1702247606,640,10,False,2.482269525527954,2.2340426445007324,315.6494140625,288.7969665527344,0.25/0.27,0.26/0.23,141,TAGGEE_OOB,TAGGER
56,1702247611,640,10,False,2.46212124824524,2.215909004211426,158.07054138183594,139.38771057128906,0.24/0.23,0.27/0.25,66,TAGGER_OOB,TAGGEE
57,1702247613,640,10,False,2.4882075786590576,2.239386796951294,340.4032897949219,416.5646057128906,0.28/0.22,0.21/0.26,212,TAGGEE_OOB,TAGGER
58,1702247620,640,10,False,2.462686538696289,2.216418027877808,149.31915283203125,138.33615112304688,0.22/0.34,0.18/0.30,67,TAGGER_OOB,TAGGEE
59,1702247623,640,10,False,2.471909999847412,2.2247190475463867,204.03233337402344,189.2293395996093,0.28/0.22,0.26/0.22,89,TAGGER_OOB,TAGGEE
60,1702247628,640,10,False,2.471590995788574,2.2244317531585693,210.12713623046875,188.2540283203125,0.23/0.25,0.28/0.21,88,TAGGER_OOB,TAGGEE
61,1702247631,640,10,False,2.47863245010376,2.230769157409668,217.5509490966797,251.93215942382807,0.21/0.31,0.24/0.26,117,TAGGEE_OOB,TAGGER
62,1702247634,640,10,False,2.475490093231201,2.2279412746429443,196.7571258544922,185.87081909179688,0.21/0.29,0.29/0.17,102,TAGGEE_OOB,TAGGER
63,1702247638,640,10,False,2.466216325759888,2.2195944786071777,174.98590087890625,159.74795532226562,0.26/0.23,0.29/0.20,74,TAGGEE_OOB,TAGGER
64,1702247643,640,10,False,2.476635456085205,2.2289719581604004,257.3735046386719,226.93923950195312,0.23/0.26,0.25/0.24,107,TAGGER_OOB,TAGGEE
65,1702247646,640,10,False,2.4728260040283203,2.22554349899292,218.1503448486328,183.01324462890625,0.22/0.26,0.22/0.32,92,TAGGER_OOB,TAGGEE
66,1702247648,640,10,False,2.480769157409668,2.232692241668701,313.2762451171875,280.885498046875,0.24/0.27,0.25/0.25,130,TAGGEE_HIT_OBS,TAGGER
67,1702247653,640,10,False,2.4609375,2.21484375,140.7183380126953,135.4759979248047,0.31/0.19,0.23/0.27,64,TAGGEE_HIT_OBS,TAGGER
68,1702247660,640,10,False,2.4671051502227783,2.2203948497772217,175.0852813720703,161.60569763183594,0.29/0.23,0.29/0.20,76,TAGGER_HIT_OBS,TAGGEE
69,1702247668,640,10,False,2.4761905670166016,2.2285714149475098,251.94024658203125,222.79502868652344,0.25/0.26,0.25/0.23,105,TAGGER_OOB,TAGGEE
70,1702247670,640,10,False,2.488584518432617,2.2397260665893555,526.6385498046875,445.1252136230469,0.21/0.23,0.28/0.23,219,TAGGEE_HIT_OBS,TAGGER
71,1702247676,640,10,False,2.473118305206299,2.225806474685669,220.2601013183593,163.69586181640625,0.24/0.25,0.20/0.30,93,TAGGEE_HIT_OBS,TAGGER
72,1702247680,640,10,False,2.4835526943206787,2.2351973056793213,346.2147521972656,248.54910278320312,0.26/0.23,0.30/0.20,152,TAGGER_HIT_OBS,TAGGEE
73,1702247687,640,10,False,2.4583332538604736,2.212500095367432,142.53353881835938,128.10581970214844,0.24/0.20,0.23/0.25,60,TAGGEE_HIT_OBS,TAGGER
74,1702247689,640,10,False,2.471590995788574,2.2244317531585693,209.78306579589844,185.6104736328125,0.24/0.22,0.27/0.19,88,TAGGER_OOB,TAGGEE
75,1702247691,640,10,False,2.4768519401550293,2.2291667461395264,249.2534942626953,224.5704040527344,0.28/0.24,0.27/0.20,108,TAGGER_HIT_OBS,TAGGEE
76,1702247696,640,10,False,2.471909999847412,2.2247190475463867,203.7408142089844,187.90005493164065,0.25/0.24,0.25/0.27,89,TAGGER_HIT_OBS,TAGGEE
77,1702247698,640,10,False,2.4675323963165283,2.2207791805267334,164.4617919921875,156.71075439453125,0.27/0.21,0.21/0.28,77,TAGGEE_OOB,TAGGER
78,1702247700,640,10,False,2.48251748085022,2.2342658042907715,313.985107421875,225.8458251953125,0.25/0.23,0.21/0.29,143,TAGGER_OOB,TAGGEE
79,1702247706,640,10,False,2.4791667461395264,2.231250047683716,276.67852783203125,254.6764678955078,0.23/0.26,0.25/0.25,120,TAGGER_HIT_OBS,TAGGEE
80,1702247710,640,10,False,2.4671051502227783,2.2203948497772217,175.29208374023438,164.9803009033203,0.28/0.24,0.22/0.25,76,TAGGEE_HIT_OBS,TAGGER
81,1702247713,640,10,False,2.470930337905884,2.22383713722229,204.01901245117188,173.454833984375,0.24/0.24,0.23/0.25,86,TAGGEE_OOB,TAGGER
82,1702247715,640,10,False,2.469879627227783,2.222891569137573,194.4937438964844,180.740234375,0.28/0.25,0.26/0.27,83,TAGGED,TAGGER
83,1702247717,640,10,False,2.480158805847168,2.232142925262451,255.54345703125,264.328369140625,0.30/0.20,0.28/0.23,126,TAGGER_OOB,TAGGEE
84,1702247723,640,10,False,2.472527503967285,2.2252748012542725,211.47373962402344,194.65646362304688,0.26/0.28,0.23/0.26,91,TAGGEE_OOB,TAGGER
85,1702247727,640,10,False,2.466216325759888,2.2195944786071777,176.9725341796875,157.79806518554688,0.26/0.24,0.23/0.21,74,TAGGER_OOB,TAGGEE
86,1702247730,640,10,False,2.475961446762085,2.228365421295166,249.0446929931641,220.88821411132807,0.24/0.24,0.23/0.26,104,TAGGEE_HIT_OBS,TAGGER
87,1702247733,640,10,False,2.463235378265381,2.216911792755127,157.15318298339844,144.64793395996094,0.30/0.21,0.27/0.26,68,TAGGEE_OOB,TAGGER
88,1702247734,640,10,False,2.46212124824524,2.215909004211426,154.31214904785156,136.60760498046875,0.25/0.28,0.24/0.29,66,TAGGER_OOB,TAGGEE
89,1702247737,640,10,False,2.4728260040283203,2.22554349899292,218.1906890869141,193.22576904296875,0.23/0.25,0.27/0.26,92,TAGGER_HIT_OBS,TAGGEE
90,1702247739,640,10,False,2.475728273391724,2.228155374526977,247.2337188720703,185.43267822265625,0.24/0.25,0.23/0.29,103,TAGGER_OOB,TAGGEE
91,1702247741,640,10,False,2.469512224197388,2.22256088256836,192.2965545654297,175.56138610839844,0.29/0.20,0.21/0.28,82,TAGGEE_OOB,TAGGER
92,1702247745,640,10,False,2.4675323963165283,2.2207791805267334,174.12921142578125,137.8222198486328,0.22/0.26,0.17/0.31,77,TAGGER_HIT_OBS,TAGGEE
93,1702247747,640,10,False,2.4814815521240234,2.2333333492279053,309.64093017578125,293.5693664550781,0.22/0.29,0.25/0.23,135,TAGGEE_OOB,TAGGER
94,1702247750,640,10,False,2.4609375,2.21484375,150.48512268066406,131.97023010253906,0.27/0.25,0.28/0.21,64,TAGGER_OOB,TAGGEE
95,1702247753,640,10,False,2.485380172729492,2.236842155456543,410.8986206054688,345.96807861328125,0.22/0.26,0.26/0.25,171,TAGGER_HIT_OBS,TAGGEE
96,1702247759,640,10,False,2.4798386096954346,2.2318549156188965,297.8338317871094,221.7836761474609,0.23/0.24,0.22/0.27,124,TAGGEE_OOB,TAGGER
97,1702247762,640,10,False,2.46794867515564,2.221153736114502,184.18955993652344,168.23460388183594,0.21/0.24,0.23/0.26,78,TAGGER_OOB,TAGGEE
98,1702247764,640,10,False,2.480158805847168,2.232142925262451,289.0633544921875,269.1260681152344,0.29/0.27,0.27/0.21,126,TAGGER_OOB,TAGGEE
99,1702247771,640,10,False,2.470238208770752,2.2232143878936768,199.20574951171875,169.24853515625,0.28/0.21,0.33/0.21,84,TAGGER_OOB,TAGGEE
100,1702247773,640,10,False,2.474226713180542,2.22680401802063,222.674545288086,206.72238159179688,0.22/0.24,0.24/0.23,97,TAGGER_HIT_OBS,TAGGEE
101,1702247777,640,10,False,2.46794867515564,2.221153736114502,185.4793395996093,165.0176239013672,0.22/0.22,0.22/0.26,78,TAGGER_OOB,TAGGEE
102,1702247779,640,10,False,2.4778761863708496,2.230088472366333,263.6990051269531,208.34539794921875,0.25/0.28,0.26/0.22,113,TAGGER_HIT_OBS,TAGGEE
103,1702247781,640,10,False,2.4583332538604736,2.212500095367432,143.2772674560547,128.58543395996094,0.24/0.26,0.22/0.25,60,TAGGEE_HIT_OBS,TAGGER
104,1702247783,640,10,False,2.470588207244873,2.22352933883667,201.4298248291016,171.2235565185547,0.28/0.22,0.34/0.21,85,TAGGER_HIT_OBS,TAGGEE
105,1702247785,640,10,False,2.4881515502929688,2.2393364906311035,503.2595825195313,372.4884643554688,0.24/0.26,0.27/0.23,211,TAGGER_OOB,TAGGEE
106,1702247791,640,10,False,2.46212124824524,2.215909004211426,155.78436279296875,138.0246124267578,0.21/0.21,0.30/0.19,66,TAGGEE_HIT_OBS,TAGGER
107,1702247793,640,10,False,2.480158805847168,2.232142925262451,283.61883544921875,250.06109619140625,0.21/0.28,0.23/0.26,126,TAGGEE_OOB,TAGGER
108,1702247798,640,10,False,2.4666666984558105,2.220000028610229,179.45382690429688,161.57711791992188,0.25/0.24,0.21/0.24,75,TAGGER_OOB,TAGGEE
109,1702247800,640,10,False,2.4813432693481445,2.2332088947296143,306.5137634277344,280.8633117675781,0.21/0.27,0.24/0.23,134,TAGGER_OOB,TAGGEE
110,1702247803,640,10,False,2.4770641326904297,2.2293577194213867,250.5377197265625,235.9935302734375,0.28/0.23,0.29/0.25,109,TAGGER_OOB,TAGGEE
111,1702247806,640,10,False,2.475247621536255,2.227722883224488,233.8374938964844,219.43087768554688,0.24/0.24,0.25/0.24,101,TAGGER_OOB,TAGGEE
112,1702247809,640,10,False,2.470930337905884,2.22383713722229,201.49136352539065,148.74005126953125,0.19/0.29,0.34/0.21,86,TAGGER_OOB,TAGGEE
113,1702247812,640,10,False,2.4666666984558105,2.220000028610229,176.89097595214844,148.70150756835938,0.25/0.22,0.22/0.28,75,TAGGER_HIT_OBS,TAGGEE
114,1702247814,640,10,False,2.4764151573181152,2.228773593902588,253.3792724609375,227.46792602539065,0.24/0.29,0.27/0.22,106,TAGGEE_OOB,TAGGER
115,1702247817,640,10,False,2.4764151573181152,2.228773593902588,245.6434326171875,197.03826904296875,0.28/0.30,0.21/0.32,106,TAGGEE_OOB,TAGGER
116,1702247821,640,10,False,2.46794867515564,2.221153736114502,167.1970977783203,165.61058044433594,0.18/0.28,0.22/0.27,78,TAGGEE_HIT_OBS,TAGGER
117,1702247823,640,10,False,2.46212124824524,2.215909004211426,153.6220703125,131.91262817382812,0.29/0.25,0.34/0.19,66,TAGGER_OOB,TAGGEE
118,1702247828,640,10,False,2.477477550506592,2.229729652404785,249.28073120117188,240.7694702148437,0.25/0.30,0.27/0.24,111,TAGGER_HIT_OBS,TAGGEE
119,1702247833,640,10,False,2.465277671813965,2.21875,164.08111572265625,154.4197998046875,0.18/0.29,0.28/0.24,72,TAGGEE_OOB,TAGGER
120,1702247835,640,10,False,2.4691357612609863,2.222222328186035,185.3225250244141,154.37384033203125,0.28/0.23,0.20/0.28,81,TAGGEE_HIT_OBS,TAGGER
121,1702247840,640,10,False,2.473684310913086,2.22631573677063,224.381591796875,205.44000244140625,0.26/0.25,0.26/0.24,95,TAGGER_HIT_OBS,TAGGEE
122,1702247842,640,10,False,2.460317373275757,2.2142856121063232,145.8476104736328,132.87623596191406,0.24/0.31,0.24/0.29,63,TAGGEE_OOB,TAGGER
123,1702247844,640,10,False,2.4778761863708496,2.230088472366333,267.90826416015625,222.8672637939453,0.27/0.29,0.24/0.21,113,TAGGER_OOB,TAGGEE
124,1702247851,640,10,False,2.461538553237915,2.215384721755981,141.65692138671875,131.6923370361328,0.30/0.19,0.21/0.32,65,TAGGEE_OOB,TAGGER
125,1702247853,640,10,False,2.4647886753082275,2.2183098793029785,169.9076690673828,152.69375610351562,0.22/0.25,0.27/0.27,71,TAGGEE_OOB,TAGGER
126,1702247857,640,10,False,2.482269525527954,2.2340426445007324,320.3518371582031,296.5181884765625,0.21/0.29,0.24/0.26,141,TAGGEE_OOB,TAGGER
127,1702247861,640,10,False,2.466216325759888,2.2195944786071777,176.70858764648438,153.0408172607422,0.27/0.23,0.28/0.21,74,TAGGEE_OOB,TAGGER
128,1702247865,640,10,False,2.470588207244873,2.22352933883667,201.45391845703125,184.0528259277344,0.29/0.25,0.23/0.24,85,TAGGER_OOB,TAGGEE
129,1702247870,640,10,False,2.478813648223877,2.230932235717773,266.3133239746094,238.1625366210937,0.27/0.25,0.23/0.23,118,TAGGEE_HIT_OBS,TAGGER
130,1702247874,640,10,False,2.472222328186035,2.2249999046325684,211.7640075683593,184.0406188964844,0.27/0.21,0.32/0.19,90,TAGGER_OOB,TAGGEE
131,1702247879,640,10,False,2.472527503967285,2.2252748012542725,188.3837432861328,193.6568298339844,0.16/0.29,0.27/0.22,91,TAGGER_OOB,TAGGEE
132,1702247882,640,10,False,2.4609375,2.21484375,141.15191650390625,136.81993103027344,0.31/0.19,0.28/0.20,64,TAGGER_OOB,TAGGEE
133,1702247884,640,10,False,2.462686538696289,2.216418027877808,154.37979125976562,144.38339233398438,0.28/0.25,0.29/0.24,67,TAGGER_OOB,TAGGEE
134,1702247887,640,10,False,2.46794867515564,2.221153736114502,182.0774841308593,165.40733337402344,0.27/0.22,0.21/0.26,78,TAGGEE_OOB,TAGGER
135,1702247893,640,10,False,2.4782607555389404,2.230434894561768,273.296142578125,231.0578155517578,0.21/0.27,0.26/0.26,115,TAGGEE_OOB,TAGGER
136,1702247903,640,10,False,2.4782607555389404,2.230434894561768,252.95974731445312,186.34225463867188,0.28/0.23,0.31/0.23,115,TAGGER_OOB,TAGGEE
137,1702247907,640,10,False,2.4793388843536377,2.231405019760132,265.5040283203125,260.53759765625,0.19/0.29,0.26/0.26,121,TAGGER_OOB,TAGGEE
138,1702247911,640,10,False,2.4809160232543945,2.2328243255615234,283.22381591796875,281.7093505859375,0.19/0.29,0.23/0.24,131,TAGGER_OOB,TAGGEE
139,1702247915,640,10,False,2.463235378265381,2.216911792755127,160.97177124023438,141.1886749267578,0.31/0.23,0.26/0.20,68,TAGGER_HIT_OBS,TAGGEE
140,1702247919,640,10,False,2.485954999923706,2.2373595237731934,359.41876220703125,276.708251953125,0.26/0.24,0.28/0.18,178,TAGGER_HIT_OBS,TAGGEE
141,1702247924,640,10,False,2.472527503967285,2.2252748012542725,212.84429931640625,181.8508758544922,0.21/0.27,0.27/0.24,91,TAGGEE_OOB,TAGGER
142,1702247927,640,10,False,2.482269525527954,2.2340426445007324,311.2335510253906,307.8282165527344,0.23/0.26,0.26/0.25,141,TAGGER_OOB,TAGGEE
143,1702247934,640,10,False,2.461538553237915,2.215384721755981,151.93312072753906,138.27915954589844,0.22/0.31,0.21/0.24,65,TAGGER_HIT_OBS,TAGGEE
144,1702247938,640,10,False,2.4691357612609863,2.222222328186035,193.81375122070312,174.1297149658203,0.26/0.25,0.27/0.25,81,TAGGEE_OOB,TAGGER
145,1702247943,640,10,False,2.481203079223633,2.233082771301269,306.2738342285156,257.9565124511719,0.24/0.20,0.25/0.24,133,TAGGER_OOB,TAGGEE
146,1702247948,640,10,False,2.4886362552642822,2.23977279663086,522.5389404296875,405.4322509765625,0.26/0.21,0.24/0.24,220,TAGGER_OOB,TAGGEE
147,1702247954,640,10,False,2.472222328186035,2.2249999046325684,215.5762634277344,181.3051300048828,0.26/0.25,0.21/0.31,90,TAGGER_OOB,TAGGEE
148,1702247956,640,10,False,2.4734041690826416,2.2260637283325195,213.07066345214844,203.5462951660156,0.24/0.27,0.26/0.27,94,TAGGEE_HIT_OBS,TAGGER
149,1702247961,640,10,False,2.4761905670166016,2.2285714149475098,244.1818084716797,226.64356994628903,0.29/0.23,0.25/0.25,105,TAGGER_OOB,TAGGEE
150,1702247966,640,10,False,2.475961446762085,2.228365421295166,248.6331024169922,216.9485626220703,0.27/0.24,0.28/0.20,104,TAGGER_OOB,TAGGEE
151,1702247970,640,10,False,2.4647886753082275,2.2183098793029785,158.5428466796875,147.8540802001953,0.26/0.20,0.26/0.20,71,TAGGEE_OOB,TAGGER
152,1702247973,640,10,False,2.466216325759888,2.2195944786071777,176.87220764160156,157.44937133789062,0.24/0.27,0.22/0.27,74,TAGGER_OOB,TAGGEE
153,1702247976,640,10,False,2.4683544635772705,2.221518993377685,180.9426422119141,168.9117889404297,0.26/0.25,0.26/0.23,79,TAGGER_OOB,TAGGEE
154,1702247978,640,10,False,2.483221530914306,2.2348992824554443,353.2531433105469,312.9369812011719,0.26/0.27,0.24/0.26,149,TAGGER_HIT_OBS,TAGGEE
155,1702247982,640,10,False,2.4867725372314453,2.238095283508301,430.2280883789063,404.5079650878906,0.25/0.24,0.26/0.26,189,TAGGER_OOB,TAGGEE
156,1702247992,640,10,False,2.4860334396362305,2.2374300956726074,400.2722778320313,384.2347412109375,0.27/0.23,0.24/0.25,179,TAGGEE_OOB,TAGGER
157,1702247996,640,10,False,2.460317373275757,2.2142856121063232,145.99172973632812,135.10467529296875,0.27/0.28,0.28/0.25,63,TAGGER_HIT_OBS,TAGGEE
158,1702247998,640,10,False,2.4846625328063965,2.236196279525757,378.4617919921875,282.5521850585937,0.25/0.26,0.28/0.21,163,TAGGER_OOB,TAGGEE
159,1702248004,640,10,False,2.488789319992065,2.239910364151001,516.7462158203125,440.771484375,0.22/0.24,0.24/0.25,223,TAGGER_OOB,TAGGEE
160,1702248013,640,10,False,2.469512224197388,2.22256088256836,195.5615234375,171.40414428710938,0.27/0.22,0.25/0.23,82,TAGGEE_OOB,TAGGER
161,1702248016,640,10,False,2.46212124824524,2.215909004211426,149.73089599609375,135.64772033691406,0.30/0.21,0.19/0.31,66,TAGGEE_OOB,TAGGER
162,1702248021,640,10,False,2.4809160232543945,2.2328243255615234,305.8626708984375,229.0655212402344,0.25/0.26,0.21/0.30,131,TAGGEE_HIT_OBS,TAGGER
163,1702248024,640,10,False,2.46212124824524,2.215909004211426,153.64376831054688,142.91954040527344,0.22/0.29,0.22/0.23,66,TAGGER_OOB,TAGGEE
164,1702248029,640,10,False,2.470588207244873,2.22352933883667,198.29122924804688,180.42735290527344,0.29/0.21,0.26/0.21,85,TAGGEE_OOB,TAGGER
165,1702248032,640,10,False,2.4657533168792725,2.2191781997680664,160.02703857421875,154.6341552734375,0.18/0.31,0.22/0.27,73,TAGGEE_OOB,TAGGER
166,1702248034,640,10,False,2.4844720363616943,2.236024856567383,382.2333984375,153.85899353027344,0.21/0.23,0.20/0.31,161,TAGGEE_OOB,TAGGER
167,1702248038,640,10,False,2.473118305206299,2.225806474685669,222.3953399658203,194.88555908203125,0.23/0.22,0.23/0.24,93,TAGGER_OOB,TAGGEE
168,1702248040,640,10,False,2.485714197158813,2.23714280128479,373.9133911132813,361.3278198242188,0.26/0.22,0.24/0.27,175,TAGGER_OOB,TAGGEE
169,1702248046,640,10,False,2.4795081615448,2.2315573692321777,289.8880920410156,263.5507202148437,0.24/0.23,0.22/0.22,122,TAGGEE_OOB,TAGGER
170,1702248050,640,10,False,2.46794867515564,2.221153736114502,182.9261779785156,157.1244354248047,0.28/0.21,0.22/0.31,78,TAGGER_HIT_OBS,TAGGEE
171,1702248052,640,10,False,2.4583332538604736,2.212500095367432,143.21546936035156,128.04632568359375,0.25/0.22,0.24/0.25,60,TAGGEE_HIT_OBS,TAGGER
172,1702248055,640,10,False,2.490384578704834,2.2413461208343506,560.1088256835938,508.14398193359375,0.25/0.25,0.23/0.26,260,TAGGER_OOB,TAGGEE
173,1702248066,640,10,False,2.4813432693481445,2.2332088947296143,308.6788330078125,290.7073059082031,0.27/0.25,0.26/0.26,134,TAGGER_OOB,TAGGEE
174,1702248070,640,10,False,2.472222328186035,2.2249999046325684,201.7301788330078,176.82229614257812,0.28/0.20,0.25/0.23,90,TAGGEE_OOB,TAGGER
175,1702248074,640,10,False,2.478813648223877,2.230932235717773,225.9231109619141,251.1170349121093,0.19/0.30,0.21/0.29,118,TAGGEE_OOB,TAGGER
176,1702248081,640,10,False,2.4800000190734863,2.2320001125335693,298.9770202636719,245.52281188964844,0.24/0.27,0.27/0.24,125,TAGGEE_OOB,TAGGER
177,1702248085,640,10,False,2.470238208770752,2.2232143878936768,199.89517211914065,180.27479553222656,0.27/0.25,0.25/0.29,84,TAGGER_OOB,TAGGEE
178,1702248091,640,10,False,2.481203079223633,2.233082771301269,305.5234680175781,286.5662841796875,0.23/0.28,0.24/0.25,133,TAGGER_OOB,TAGGEE
179,1702248095,640,10,False,2.466216325759888,2.2195944786071777,171.3479766845703,134.2831573486328,0.22/0.31,0.32/0.16,74,TAGGER_OOB,TAGGEE
180,1702248097,640,10,False,2.4816176891326904,2.2334558963775635,324.8134460449219,215.9100799560547,0.23/0.26,0.19/0.30,136,TAGGEE_OOB,TAGGER
181,1702248100,640,10,False,2.474226713180542,2.22680401802063,224.89892578125,205.0492553710937,0.22/0.28,0.27/0.25,97,TAGGER_OOB,TAGGEE
182,1702248105,640,10,False,2.4793388843536377,2.231405019760132,279.368408203125,254.50526428222656,0.21/0.27,0.28/0.22,121,TAGGER_OOB,TAGGEE
183,1702248108,640,10,False,2.4657533168792725,2.2191781997680664,161.521484375,150.95449829101562,0.20/0.31,0.26/0.22,73,TAGGER_OOB,TAGGEE
184,1702248110,640,10,False,2.490272283554077,2.2412450313568115,613.3792724609375,501.9925537109375,0.26/0.26,0.25/0.27,257,TAGGER_OOB,TAGGEE
185,1702248116,640,10,False,2.4647886753082275,2.2183098793029785,168.87322998046875,153.01771545410156,0.22/0.30,0.20/0.27,71,TAGGEE_OOB,TAGGER
186,1702248121,640,10,False,2.4609375,2.21484375,148.96388244628906,136.2678680419922,0.30/0.25,0.23/0.28,64,TAGGEE_OOB,TAGGER
187,1702248122,640,10,False,2.4637680053710938,2.2173912525177,164.93478393554688,146.71395874023438,0.25/0.24,0.25/0.22,69,TAGGEE_HIT_OBS,TAGGER
188,1702248127,640,10,False,2.475961446762085,2.228365421295166,245.60791015625,224.3684234619141,0.26/0.26,0.22/0.24,104,TAGGER_HIT_OBS,TAGGEE
189,1702248136,640,10,False,2.471590995788574,2.2244317531585693,211.38331604003903,187.24880981445312,0.22/0.23,0.24/0.25,88,TAGGER_OOB,TAGGEE
190,1702248138,640,10,False,2.4795081615448,2.2315573692321777,231.88357543945312,261.4176940917969,0.28/0.20,0.27/0.24,122,TAGGER_OOB,TAGGEE
191,1702248142,640,10,False,2.48046875,2.232421875,305.3462829589844,279.30389404296875,0.25/0.23,0.25/0.24,128,TAGGER_OOB,TAGGEE
192,1702248145,640,10,False,2.466216325759888,2.2195944786071777,173.1405792236328,150.3554229736328,0.22/0.31,0.21/0.30,74,TAGGER_HIT_OBS,TAGGEE
193,1702248147,640,10,False,2.4835526943206787,2.2351973056793213,361.4090270996094,296.61529541015625,0.24/0.25,0.26/0.23,152,TAGGEE_HIT_OBS,TAGGER
194,1702248153,640,10,False,2.48251748085022,2.2342658042907715,337.0227355957031,287.22418212890625,0.23/0.26,0.20/0.26,143,TAGGER_OOB,TAGGEE
195,1702248157,640,10,False,2.483221530914306,2.2348992824554443,329.289794921875,248.5233764648437,0.23/0.27,0.19/0.29,149,TAGGER_OOB,TAGGEE
196,1702248161,640,10,False,2.473118305206299,2.225806474685669,221.75216674804688,195.8061065673828,0.26/0.23,0.28/0.21,93,TAGGER_OOB,TAGGEE
197,1702248163,640,10,False,2.4816176891326904,2.2334558963775635,328.40692138671875,282.09197998046875,0.27/0.24,0.20/0.27,136,TAGGEE_OOB,TAGGER
198,1702248167,640,10,False,2.4768519401550293,2.2291667461395264,252.2504119873047,224.46707153320312,0.24/0.23,0.26/0.25,108,TAGGED,TAGGER
199,1702248171,640,10,False,2.471590995788574,2.2244317531585693,210.8740997314453,190.778564453125,0.27/0.27,0.27/0.25,88,TAGGED,TAGGER
200,1702248176,640,10,False,2.471909999847412,2.2247190475463867,214.1883087158203,189.0384521484375,0.28/0.25,0.29/0.28,89,TAGGER_OOB,TAGGEE
201,1702248179,640,10,False,2.4683544635772705,2.221518993377685,159.1006317138672,168.77784729003906,0.30/0.16,0.26/0.22,79,TAGGER_OOB,TAGGEE
202,1702248181,640,10,False,2.462686538696289,2.216418027877808,158.40643310546875,131.62232971191406,0.23/0.24,0.21/0.31,67,TAGGER_OOB,TAGGEE
203,1702248185,640,10,False,2.4590163230896,2.2131147384643555,139.2196502685547,131.150390625,0.27/0.31,0.22/0.24,61,TAGGEE_OOB,TAGGER
204,1702248187,640,10,False,2.461538553237915,2.215384721755981,148.6292266845703,134.87501525878906,0.18/0.28,0.30/0.18,65,TAGGER_HIT_OBS,TAGGEE
205,1702248190,640,10,False,2.4776785373687744,2.2299106121063232,210.1717529296875,239.421875,0.20/0.30,0.26/0.25,112,TAGGEE_HIT_OBS,TAGGER
206,1702248195,640,10,False,2.48106050491333,2.232954502105713,293.61737060546875,230.8686981201172,0.29/0.23,0.32/0.20,132,TAGGER_HIT_OBS,TAGGEE
207,1702248199,640,10,False,2.4675323963165283,2.2207791805267334,165.5751495361328,110.0653839111328,0.21/0.30,0.13/0.35,77,TAGGER_HIT_OBS,TAGGEE
208,1702248209,640,10,False,2.46875,2.221874952316284,180.9766845703125,152.93663024902344,0.21/0.26,0.25/0.27,80,TAGGER_OOB,TAGGEE
209,1702248211,640,10,False,2.4734041690826416,2.2260637283325195,164.5608673095703,188.7945251464844,0.31/0.21,0.26/0.29,94,TAGGEE_OOB,TAGGER
210,1702248215,640,10,False,2.46212124824524,2.215909004211426,157.29443359375,141.09088134765625,0.24/0.24,0.28/0.20,66,TAGGER_OOB,TAGGEE
211,1702248219,640,10,False,2.472527503967285,2.2252748012542725,218.1409606933593,189.5049743652344,0.24/0.24,0.27/0.23,91,TAGGER_OOB,TAGGEE
212,1702248221,640,10,False,2.4590163230896,2.2131147384643555,141.7413787841797,131.15890502929688,0.25/0.32,0.26/0.23,61,TAGGER_OOB,TAGGEE
213,1702248224,640,10,False,2.465277671813965,2.21875,171.1038818359375,149.27467346191406,0.25/0.23,0.22/0.26,72,TAGGER_HIT_OBS,TAGGEE
214,1702248226,640,10,False,2.4764151573181152,2.228773593902588,252.88961791992188,220.60206604003903,0.27/0.22,0.25/0.24,106,TAGGEE_OOB,TAGGER
215,1702248231,640,10,False,2.4800000190734863,2.2320001125335693,278.1072998046875,253.8238677978516,0.25/0.22,0.28/0.25,125,TAGGER_OOB,TAGGEE
216,1702248234,640,10,False,2.471590995788574,2.2244317531585693,205.918685913086,172.38998413085938,0.24/0.24,0.29/0.22,88,TAGGEE_HIT_OBS,TAGGER
217,1702248238,640,10,False,2.4831080436706543,2.234797239303589,350.934326171875,307.420166015625,0.22/0.24,0.25/0.29,148,TAGGEE_OOB,TAGGER
218,1702248247,640,10,False,2.4820144176483154,2.2338130474090576,335.8668518066406,302.0858154296875,0.25/0.23,0.26/0.27,139,TAGGER_OOB,TAGGEE
219,1702248252,640,10,False,2.4683544635772705,2.221518993377685,180.2922821044922,164.01014709472656,0.29/0.23,0.27/0.23,79,TAGGER_OOB,TAGGEE
220,1702248255,640,10,False,2.473684310913086,2.22631573677063,222.72569274902344,203.0629272460937,0.22/0.27,0.29/0.22,95,TAGGEE_OOB,TAGGER
221,1702248258,640,10,False,2.4803149700164795,2.232283353805542,306.7582397460937,258.8591613769531,0.25/0.24,0.23/0.27,127,TAGGER_OOB,TAGGEE
222,1702248261,640,10,False,2.478813648223877,2.230932235717773,214.3944702148437,212.682846069336,0.32/0.19,0.21/0.27,118,TAGGEE_OOB,TAGGER
223,1702248264,640,10,False,2.4671051502227783,2.2203948497772217,173.74020385742188,163.6828155517578,0.25/0.27,0.29/0.23,76,TAGGER_HIT_OBS,TAGGEE
224,1702248266,640,10,False,2.479674816131592,2.2317073345184326,286.1939392089844,260.6025695800781,0.21/0.28,0.29/0.25,123,TAGGEE_HIT_OBS,TAGGER
225,1702248274,640,10,False,2.4647886753082275,2.2183098793029785,164.90658569335938,142.1851806640625,0.29/0.26,0.26/0.21,71,TAGGEE_HIT_OBS,TAGGER
226,1702248277,640,10,False,2.4583332538604736,2.212500095367432,138.99070739746094,126.40792083740234,0.27/0.20,0.23/0.30,60,TAGGEE_OOB,TAGGER
227,1702248279,640,10,False,2.4609375,2.21484375,151.162841796875,133.3440704345703,0.23/0.29,0.20/0.27,64,TAGGEE_OOB,TAGGER
228,1702248282,640,10,False,2.470588207244873,2.22352933883667,199.0473022460937,182.49148559570312,0.23/0.26,0.27/0.26,85,TAGGEE_HIT_OBS,TAGGER
229,1702248284,640,10,False,2.4877450466156006,2.2389705181121826,311.81494140625,440.8081970214844,0.30/0.22,0.25/0.26,204,TAGGER_HIT_OBS,TAGGEE
230,1702248291,640,10,False,2.4739582538604736,2.2265625,231.74395751953125,178.593994140625,0.24/0.24,0.22/0.28,96,TAGGEE_OOB,TAGGER
231,1702248296,640,10,False,2.46212124824524,2.215909004211426,148.5278778076172,140.88597106933594,0.31/0.19,0.23/0.29,66,TAGGED,TAGGER
232,1702248297,640,10,False,2.4831080436706543,2.234797239303589,321.3766174316406,315.0505676269531,0.24/0.25,0.25/0.28,148,TAGGEE_OOB,TAGGER
233,1702248301,640,10,False,2.484375,2.235937595367432,357.5868530273437,342.9499816894531,0.28/0.22,0.25/0.26,160,TAGGER_OOB,TAGGEE
234,1702248306,640,10,False,2.476635456085205,2.2289719581604004,248.20654296875,233.1097106933593,0.27/0.25,0.24/0.24,107,TAGGER_OOB,TAGGEE
235,1702248309,640,10,False,2.4747474193573,2.227272748947144,233.74562072753903,209.3118133544922,0.25/0.27,0.27/0.23,99,TAGGEE_OOB,TAGGER
236,1702248312,640,10,False,2.4841771125793457,2.2357594966888428,321.735107421875,341.59033203125,0.30/0.22,0.24/0.27,158,TAGGEE_OOB,TAGGER
237,1702248320,640,10,False,2.482394456863404,2.2341549396514893,229.35153198242188,296.6505126953125,0.32/0.21,0.26/0.27,142,TAGGEE_OOB,TAGGER
238,1702248325,640,10,False,2.470238208770752,2.2232143878936768,201.5712738037109,161.82408142089844,0.24/0.25,0.20/0.31,84,TAGGEE_HIT_OBS,TAGGER
239,1702248327,640,10,False,2.4770641326904297,2.2293577194213867,258.6451416015625,225.4220123291016,0.24/0.22,0.22/0.29,109,TAGGEE_HIT_OBS,TAGGER
240,1702248330,640,10,False,2.482993125915528,2.234693765640259,316.1338806152344,300.7113342285156,0.25/0.27,0.26/0.20,147,TAGGER_OOB,TAGGEE
241,1702248335,640,10,False,2.4583332538604736,2.212500095367432,133.99986267089844,129.21453857421875,0.22/0.35,0.23/0.25,60,TAGGER_OOB,TAGGEE
242,1702248336,640,10,False,2.46875,2.221874952316284,174.63258361816406,172.2637939453125,0.30/0.20,0.23/0.24,80,TAGGER_HIT_OBS,TAGGEE
243,1702248342,640,10,False,2.4789915084838867,2.2310924530029297,274.6929931640625,260.1532592773437,0.26/0.24,0.26/0.26,119,TAGGEE_HIT_OBS,TAGGER
244,1702248346,640,10,False,2.471264362335205,2.224138021469116,207.6463928222656,187.72100830078125,0.21/0.29,0.25/0.27,87,TAGGEE_OOB,TAGGER
245,1702248348,640,10,False,2.484076499938965,2.235668897628784,375.1605224609375,327.2983093261719,0.25/0.26,0.24/0.26,157,TAGGEE_HIT_OBS,TAGGER
246,1702248354,640,10,False,2.4798386096954346,2.2318549156188965,297.46612548828125,265.1915588378906,0.20/0.25,0.22/0.26,124,TAGGER_OOB,TAGGEE
247,1702248360,640,10,False,2.4764151573181152,2.228773593902588,251.9736175537109,217.66456604003903,0.23/0.24,0.23/0.25,106,TAGGER_OOB,TAGGEE
248,1702248364,640,10,False,2.4657533168792725,2.2191781997680664,174.4366455078125,157.00270080566406,0.25/0.21,0.22/0.29,73,TAGGEE_OOB,TAGGER
249,1702248368,640,10,False,2.473684310913086,2.22631573677063,230.273681640625,202.61358642578125,0.26/0.26,0.25/0.27,95,TAGGEE_OOB,TAGGER
250,1702248370,640,10,False,2.487499952316284,2.2387499809265137,438.9249877929688,421.4675598144531,0.24/0.26,0.27/0.25,200,TAGGEE_OOB,TAGGER
251,1702248375,640,10,False,2.4647886753082275,2.2183098793029785,164.63694763183594,143.2880859375,0.26/0.22,0.25/0.29,71,TAGGER_OOB,TAGGEE
252,1702248377,640,10,False,2.4675323963165283,2.2207791805267334,183.6181030273437,164.58583068847656,0.25/0.27,0.24/0.24,77,TAGGEE_OOB,TAGGER
253,1702248379,640,10,False,2.4764151573181152,2.228773593902588,215.9442901611328,197.83253479003903,0.19/0.31,0.22/0.25,106,TAGGER_OOB,TAGGEE
254,1702248381,640,10,False,2.4854650497436523,2.2369186878204346,397.6438598632813,232.3954162597656,0.23/0.24,0.31/0.22,172,TAGGEE_OOB,TAGGER
255,1702248386,640,10,False,2.470238208770752,2.2232143878936768,202.87193298339844,170.44078063964844,0.23/0.25,0.30/0.23,84,TAGGER_OOB,TAGGEE
256,1702248389,640,10,False,2.486911058425904,2.238219976425171,433.9627075195313,337.0317687988281,0.26/0.24,0.29/0.22,191,TAGGER_OOB,TAGGEE
257,1702248395,640,10,False,2.470588207244873,2.22352933883667,199.525131225586,184.550537109375,0.25/0.31,0.27/0.22,85,TAGGER_HIT_OBS,TAGGEE
258,1702248399,640,10,False,2.48046875,2.232421875,229.8048858642578,269.0791320800781,0.20/0.30,0.26/0.29,128,TAGGEE_HIT_OBS,TAGGER
259,1702248403,640,10,False,2.462686538696289,2.216418027877808,160.59469604492188,144.0246124267578,0.24/0.26,0.26/0.27,67,TAGGEE_OOB,TAGGER
260,1702248406,640,10,False,2.46875,2.221874952316284,187.6605834960937,154.3577880859375,0.30/0.25,0.29/0.24,80,TAGGER_OOB,TAGGEE
261,1702248408,640,10,False,2.4831080436706543,2.234797239303589,336.8138427734375,310.877685546875,0.24/0.27,0.25/0.24,148,TAGGER_OOB,TAGGEE
262,1702248412,640,10,False,2.470588207244873,2.22352933883667,188.24449157714844,180.6722717285156,0.24/0.26,0.25/0.22,85,TAGGER_HIT_OBS,TAGGEE
263,1702248415,640,10,False,2.4637680053710938,2.2173912525177,165.15249633789062,143.39695739746094,0.24/0.27,0.25/0.28,69,TAGGEE_HIT_OBS,TAGGER
264,1702248416,640,10,False,2.485875606536865,2.237288236618042,391.0823669433594,322.64031982421875,0.29/0.23,0.26/0.22,177,TAGGER_OOB,TAGGEE
265,1702248421,640,10,False,2.4817519187927246,2.233576536178589,309.8546142578125,295.235595703125,0.29/0.25,0.26/0.23,137,TAGGER_OOB,TAGGEE
266,1702248425,640,10,False,2.482993125915528,2.234693765640259,307.35400390625,305.8521728515625,0.28/0.21,0.24/0.23,147,TAGGER_OOB,TAGGEE
267,1702248437,640,10,False,2.4770641326904297,2.2293577194213867,253.21728515625,229.06739807128903,0.24/0.25,0.29/0.23,109,TAGGER_HIT_OBS,TAGGEE
268,1702248441,640,10,False,2.472527503967285,2.2252748012542725,218.2108917236328,189.65792846679688,0.23/0.25,0.28/0.22,91,TAGGEE_HIT_OBS,TAGGER
269,1702248444,640,10,False,2.4747474193573,2.227272748947144,210.6898956298828,206.33653259277344,0.20/0.28,0.26/0.24,99,TAGGER_HIT_OBS,TAGGEE
270,1702248447,640,10,False,2.462686538696289,2.216418027877808,159.14108276367188,116.94942474365234,0.28/0.23,0.15/0.35,67,TAGGER_OOB,TAGGEE
271,1702248452,640,10,False,2.463235378265381,2.216911792755127,159.8612060546875,143.76417541503906,0.20/0.28,0.23/0.23,68,TAGGER_OOB,TAGGEE
272,1702248455,640,10,False,2.490000009536743,2.240999937057495,602.1026000976562,523.8897094726562,0.25/0.27,0.25/0.24,250,TAGGEE_OOB,TAGGER
273,1702248461,640,10,False,2.463235378265381,2.216911792755127,155.98468017578125,142.19735717773438,0.21/0.24,0.26/0.28,68,TAGGER_OOB,TAGGEE
274,1702248463,640,10,False,2.462686538696289,2.216418027877808,158.6405029296875,143.16383361816406,0.27/0.25,0.21/0.28,67,TAGGER_OOB,TAGGEE
275,1702248466,640,10,False,2.473684310913086,2.22631573677063,208.5056610107422,190.62062072753903,0.25/0.23,0.20/0.28,95,TAGGEE_HIT_OBS,TAGGER
276,1702248469,640,10,False,2.472222328186035,2.2249999046325684,214.570053100586,191.24220275878903,0.25/0.23,0.23/0.25,90,TAGGER_HIT_OBS,TAGGEE
277,1702248471,640,10,False,2.4728260040283203,2.22554349899292,216.6053009033203,199.0994567871093,0.29/0.22,0.24/0.23,92,TAGGER_HIT_OBS,TAGGEE
278,1702248475,640,10,False,2.4637680053710938,2.2173912525177,155.35348510742188,136.94227600097656,0.26/0.27,0.18/0.29,69,TAGGEE_OOB,TAGGER
279,1702248480,640,10,False,2.460317373275757,2.2142856121063232,150.47499084472656,134.78282165527344,0.28/0.24,0.22/0.25,63,TAGGEE_HIT_OBS,TAGGER
280,1702248482,640,10,False,2.4590163230896,2.2131147384643555,141.65103149414062,126.32965850830078,0.26/0.25,0.28/0.23,61,TAGGEE_HIT_OBS,TAGGER
281,1702248485,640,10,False,2.4683544635772705,2.221518993377685,168.87705993652344,155.5216064453125,0.33/0.22,0.24/0.30,79,TAGGEE_OOB,TAGGER
282,1702248489,640,10,False,2.4739582538604736,2.2265625,219.02215576171875,189.0947265625,0.26/0.24,0.21/0.29,96,TAGGER_OOB,TAGGEE
283,1702248491,640,10,False,2.485954999923706,2.2373595237731934,390.8790893554688,369.2266845703125,0.23/0.28,0.28/0.25,178,TAGGEE_OOB,TAGGER
284,1702248496,640,10,False,2.4739582538604736,2.2265625,207.3708038330078,182.64373779296875,0.21/0.31,0.18/0.27,96,TAGGER_OOB,TAGGEE
285,1702248499,640,10,False,2.4657533168792725,2.2191781997680664,171.18545532226562,155.9495391845703,0.22/0.28,0.27/0.23,73,TAGGEE_OOB,TAGGER
286,1702248502,640,10,False,2.4768519401550293,2.2291667461395264,250.03659057617188,211.02101135253903,0.25/0.24,0.22/0.27,108,TAGGER_OOB,TAGGEE
287,1702248507,640,10,False,2.4784483909606934,2.2306034564971924,278.885009765625,251.8938446044922,0.25/0.24,0.26/0.22,116,TAGGER_HIT_OBS,TAGGEE
288,1702248512,640,10,False,2.4749999046325684,2.227499961853028,242.5633850097656,198.8523864746093,0.28/0.25,0.29/0.23,100,TAGGEE_OOB,TAGGER
289,1702248515,640,10,False,2.47863245010376,2.230769157409668,273.3531799316406,241.16786193847656,0.24/0.26,0.24/0.29,117,TAGGER_OOB,TAGGEE
290,1702248518,640,10,False,2.48931622505188,2.240384578704834,490.9067993164063,477.3862609863281,0.28/0.24,0.27/0.24,234,TAGGER_OOB,TAGGEE
291,1702248524,640,10,False,2.470930337905884,2.22383713722229,205.4631500244141,172.5963592529297,0.26/0.27,0.20/0.28,86,TAGGER_OOB,TAGGEE
292,1702248530,640,10,False,2.488095283508301,2.239285707473755,470.8560485839844,431.840576171875,0.28/0.24,0.28/0.26,210,TAGGER_OOB,TAGGEE
293,1702248538,640,10,False,2.4647886753082275,2.2183098793029785,168.9305877685547,154.04684448242188,0.24/0.24,0.30/0.28,71,TAGGEE_OOB,TAGGER
294,1702248540,640,10,False,2.4671051502227783,2.2203948497772217,181.0692443847656,154.99424743652344,0.25/0.25,0.30/0.22,76,TAGGEE_OOB,TAGGER
295,1702248546,640,10,False,2.4642856121063232,2.2178571224212646,164.79638671875,144.85455322265625,0.24/0.26,0.20/0.26,70,TAGGER_OOB,TAGGEE
296,1702248548,640,10,False,2.480158805847168,2.232142925262451,276.96435546875,273.27691650390625,0.28/0.24,0.23/0.26,126,TAGGEE_OOB,TAGGER
297,1702248554,640,10,False,2.475490093231201,2.2279412746429443,244.02935791015625,216.4825897216797,0.26/0.25,0.25/0.21,102,TAGGER_OOB,TAGGEE
298,1702248558,640,10,False,2.4647886753082275,2.2183098793029785,169.14170837402344,149.93106079101562,0.25/0.28,0.30/0.20,71,TAGGEE_OOB,TAGGER
299,1702248561,640,10,False,2.475490093231201,2.2279412746429443,187.47303771972656,186.71905517578125,0.17/0.35,0.33/0.23,102,TAGGER_OOB,TAGGEE
300,1702248564,640,10,False,2.46875,2.221874952316284,190.4109344482422,164.94290161132812,0.26/0.26,0.25/0.18,80,TAGGER_OOB,TAGGEE
301,1702248567,640,10,False,2.478813648223877,2.230932235717773,275.6054077148437,250.05325317382807,0.22/0.28,0.25/0.26,118,TAGGEE_OOB,TAGGER
302,1702248570,640,10,False,2.471590995788574,2.2244317531585693,200.49224853515625,189.0408630371093,0.28/0.28,0.22/0.26,88,TAGGER_OOB,TAGGEE
303,1702248572,640,10,False,2.4657533168792725,2.2191781997680664,171.23690795898438,131.96749877929688,0.30/0.19,0.19/0.33,73,TAGGER_OOB,TAGGEE
304,1702248576,640,10,False,2.4583332538604736,2.212500095367432,127.54566955566406,128.3739471435547,0.15/0.30,0.24/0.28,60,TAGGER_HIT_OBS,TAGGEE
305,1702248578,640,10,False,2.4816176891326904,2.2334558963775635,317.946533203125,276.7591857910156,0.26/0.27,0.28/0.20,136,TAGGER_OOB,TAGGEE
306,1702248582,640,10,False,2.462686538696289,2.216418027877808,157.6691131591797,139.94094848632812,0.25/0.22,0.20/0.29,67,TAGGER_OOB,TAGGEE
307,1702248583,640,10,False,2.47863245010376,2.230769157409668,260.2826538085937,244.49313354492188,0.20/0.31,0.23/0.27,117,TAGGER_HIT_OBS,TAGGEE
308,1702248586,640,10,False,2.483221530914306,2.2348992824554443,341.9232177734375,314.54705810546875,0.25/0.24,0.27/0.26,149,TAGGEE_OOB,TAGGER
309,1702248590,640,10,False,2.465277671813965,2.21875,160.9446563720703,150.43589782714844,0.31/0.19,0.23/0.18,72,TAGGER_OOB,TAGGEE
310,1702248595,640,10,False,2.4770641326904297,2.2293577194213867,250.8131866455078,223.23297119140625,0.24/0.28,0.27/0.21,109,TAGGEE_OOB,TAGGER
311,1702248599,640,10,False,2.459677457809448,2.213709592819214,145.34986877441406,133.7838592529297,0.29/0.21,0.22/0.26,62,TAGGER_OOB,TAGGEE
312,1702248601,640,10,False,2.4820144176483154,2.2338130474090576,262.0109558105469,278.0021667480469,0.21/0.30,0.29/0.25,139,TAGGEE_HIT_OBS,TAGGER
313,1702248609,640,10,False,2.46875,2.221874952316284,184.9666290283203,170.48155212402344,0.20/0.33,0.21/0.28,80,TAGGEE_OOB,TAGGER
314,1702248614,640,10,False,2.4666666984558105,2.220000028610229,175.42459106445312,161.14923095703125,0.27/0.19,0.23/0.24,75,TAGGEE_HIT_OBS,TAGGER
315,1702248618,640,10,False,2.4590163230896,2.2131147384643555,142.82794189453125,129.53823852539062,0.24/0.33,0.28/0.24,61,TAGGER_OOB,TAGGEE
316,1702248620,640,10,False,2.487179517745972,2.238461494445801,389.7221984863281,397.5411682128906,0.27/0.25,0.23/0.26,195,TAGGEE_OOB,TAGGER
317,1702248625,640,10,False,2.465277671813965,2.21875,170.8260955810547,153.9093780517578,0.21/0.24,0.25/0.30,72,TAGGEE_OOB,TAGGER
318,1702248627,640,10,False,2.4813432693481445,2.2332088947296143,313.0722045898437,282.938720703125,0.26/0.24,0.25/0.26,134,TAGGER_HIT_OBS,TAGGEE
319,1702248630,640,10,False,2.4671051502227783,2.2203948497772217,178.84439086914062,159.6146240234375,0.26/0.30,0.25/0.20,76,TAGGEE_OOB,TAGGER
320,1702248635,640,10,False,2.46794867515564,2.221153736114502,174.97793579101562,161.17364501953125,0.34/0.29,0.29/0.21,78,TAGGEE_HIT_OBS,TAGGER
321,1702248643,640,10,False,2.466216325759888,2.2195944786071777,173.27975463867188,156.00421142578125,0.27/0.23,0.22/0.30,74,TAGGER_OOB,TAGGEE
322,1702248645,640,10,False,2.469879627227783,2.222891569137573,199.78680419921875,170.82032775878906,0.26/0.29,0.25/0.29,83,TAGGEE_OOB,TAGGER
323,1702248650,640,10,False,2.4691357612609863,2.222222328186035,193.4129943847656,168.58412170410156,0.28/0.23,0.29/0.20,81,TAGGER_HIT_OBS,TAGGEE
324,1702248655,640,10,False,2.466216325759888,2.2195944786071777,163.39540100097656,150.9997100830078,0.30/0.22,0.28/0.24,74,TAGGER_OOB,TAGGEE
325,1702248659,640,10,False,2.473118305206299,2.225806474685669,222.307357788086,197.5157623291016,0.22/0.27,0.26/0.26,93,TAGGEE_OOB,TAGGER
326,1702248662,640,10,False,2.4835526943206787,2.2351973056793213,357.8170471191406,315.9896850585937,0.24/0.27,0.28/0.24,152,TAGGER_OOB,TAGGEE
327,1702248667,640,10,False,2.4795081615448,2.2315573692321777,288.3007507324219,259.82354736328125,0.27/0.25,0.24/0.26,122,TAGGEE_OOB,TAGGER
328,1702248672,640,10,False,2.4728260040283203,2.22554349899292,210.7629547119141,174.7083740234375,0.26/0.23,0.20/0.27,92,TAGGER_HIT_OBS,TAGGEE
329,1702248675,640,10,False,2.4827585220336914,2.234482765197754,305.7161865234375,307.8478698730469,0.28/0.23,0.26/0.22,145,TAGGER_OOB,TAGGEE
330,1702248683,640,10,False,2.4590163230896,2.2131147384643555,144.85220336914062,126.16878509521484,0.27/0.22,0.20/0.25,61,TAGGEE_HIT_OBS,TAGGER
331,1702248685,640,10,False,2.4867725372314453,2.238095283508301,427.1021728515625,394.9202575683594,0.26/0.22,0.25/0.26,189,TAGGER_OOB,TAGGEE
332,1702248690,640,10,False,2.4780702590942383,2.2302632331848145,272.1231689453125,227.2300720214844,0.27/0.25,0.26/0.22,114,TAGGEE_HIT_OBS,TAGGER
333,1702248693,640,10,False,2.4803149700164795,2.232283353805542,277.2263488769531,222.511947631836,0.31/0.23,0.22/0.29,127,TAGGER_HIT_OBS,TAGGEE
334,1702248697,640,10,False,2.483221530914306,2.2348992824554443,353.9510192871094,319.35552978515625,0.23/0.27,0.24/0.27,149,TAGGEE_OOB,TAGGER
335,1702248701,640,10,False,2.474226713180542,2.22680401802063,213.5730743408203,204.4945526123047,0.30/0.26,0.30/0.22,97,TAGGER_OOB,TAGGEE
336,1702248704,640,10,False,2.4798386096954346,2.2318549156188965,264.6072082519531,253.92822265625,0.21/0.27,0.27/0.22,124,TAGGEE_HIT_OBS,TAGGER
337,1702248708,640,10,False,2.4861879348754883,2.237569093704224,283.6635437011719,390.8677062988281,0.21/0.27,0.24/0.23,181,TAGGER_OOB,TAGGEE
338,1702248718,640,10,False,2.4865591526031494,2.237903118133545,423.9963989257813,386.2967529296875,0.27/0.24,0.25/0.25,186,TAGGER_OOB,TAGGEE
339,1702248724,640,10,False,2.485029935836792,2.2365269660949707,367.1667175292969,361.005859375,0.20/0.28,0.25/0.25,167,TAGGEE_HIT_OBS,TAGGER
340,1702248728,640,10,False,2.469512224197388,2.22256088256836,174.04820251464844,167.11810302734375,0.19/0.29,0.22/0.29,82,TAGGER_OOB,TAGGEE
341,1702248730,640,10,False,2.474226713180542,2.22680401802063,222.5129547119141,200.5230865478516,0.22/0.28,0.30/0.23,97,TAGGER_OOB,TAGGEE
342,1702248733,640,10,False,2.4782607555389404,2.230434894561768,257.64630126953125,250.406494140625,0.26/0.22,0.25/0.25,115,TAGGED,TAGGER
343,1702248738,640,10,False,2.472222328186035,2.2249999046325684,215.06597900390625,178.41122436523438,0.25/0.28,0.21/0.30,90,TAGGER_OOB,TAGGEE
344,1702248743,640,10,False,2.470238208770752,2.2232143878936768,193.97384643554688,181.45654296875,0.26/0.23,0.26/0.23,84,TAGGER_OOB,TAGGEE
345,1702248745,640,10,False,2.4795081615448,2.2315573692321777,270.7424621582031,247.845932006836,0.25/0.27,0.27/0.23,122,TAGGEE_HIT_OBS,TAGGER
346,1702248748,640,10,False,2.473118305206299,2.225806474685669,203.6860198974609,199.2887725830078,0.28/0.21,0.27/0.24,93,TAGGER_OOB,TAGGEE
347,1702248750,640,10,False,2.470238208770752,2.2232143878936768,176.84278869628906,181.5028381347656,0.21/0.29,0.29/0.26,84,TAGGEE_OOB,TAGGER
348,1702248753,640,10,False,2.4683544635772705,2.221518993377685,187.75897216796875,164.44540405273438,0.20/0.25,0.24/0.25,79,TAGGEE_HIT_OBS,TAGGER
349,1702248756,640,10,False,2.480620145797729,2.232558250427246,297.8343200683594,275.33306884765625,0.25/0.25,0.25/0.25,129,TAGGER_OOB,TAGGEE
350,1702248762,640,10,False,2.4831080436706543,2.234797239303589,351.94000244140625,273.4615783691406,0.24/0.25,0.24/0.29,148,TAGGER_HIT_OBS,TAGGEE
351,1702248766,640,10,False,2.4867725372314453,2.238095283508301,404.4276428222656,390.1287231445313,0.22/0.27,0.24/0.24,189,TAGGEE_OOB,TAGGER
352,1702248773,640,10,False,2.480769157409668,2.232692241668701,302.7568359375,269.557373046875,0.21/0.27,0.25/0.28,130,TAGGER_HIT_OBS,TAGGEE
353,1702248780,640,10,False,2.4590163230896,2.2131147384643555,146.59918212890625,114.37298583984376,0.28/0.23,0.36/0.19,61,TAGGEE_OOB,TAGGER
354,1702248782,640,10,False,2.466216325759888,2.2195944786071777,178.45555114746094,159.75180053710938,0.21/0.23,0.25/0.25,74,TAGGER_HIT_OBS,TAGGEE
355,1702248784,640,10,False,2.46212124824524,2.215909004211426,153.80421447753906,141.297607421875,0.21/0.27,0.25/0.23,66,TAGGER_HIT_OBS,TAGGEE
356,1702248788,640,10,False,2.4803149700164795,2.232283353805542,294.1113586425781,271.8770446777344,0.25/0.24,0.23/0.25,127,TAGGEE_OOB,TAGGER
357,1702248792,640,10,False,2.475728273391724,2.228155374526977,249.1983642578125,199.1203155517578,0.24/0.23,0.24/0.26,103,TAGGEE_OOB,TAGGER
358,1702248795,640,10,False,2.4800000190734863,2.2320001125335693,292.83367919921875,265.432373046875,0.25/0.26,0.28/0.26,125,TAGGEE_OOB,TAGGER
359,1702248798,640,10,False,2.46212124824524,2.215909004211426,158.00120544433594,140.48892211914062,0.26/0.25,0.24/0.28,66,TAGGER_OOB,TAGGEE
360,1702248801,640,10,False,2.471590995788574,2.2244317531585693,178.36207580566406,189.289291381836,0.31/0.19,0.25/0.26,88,TAGGEE_OOB,TAGGER
361,1702248803,640,10,False,2.4734041690826416,2.2260637283325195,211.7587280273437,188.85519409179688,0.21/0.22,0.22/0.27,94,TAGGER_OOB,TAGGEE
362,1702248807,640,10,False,2.469879627227783,2.222891569137573,198.3531494140625,168.15780639648438,0.22/0.31,0.29/0.20,83,TAGGEE_OOB,TAGGER
363,1702248810,640,10,False,2.481884002685547,2.23369574546814,323.4658203125,273.05206298828125,0.24/0.25,0.21/0.32,138,TAGGEE_HIT_OBS,TAGGER
364,1702248815,640,10,False,2.4583332538604736,2.212500095367432,141.4943084716797,126.14308166503906,0.26/0.20,0.21/0.28,60,TAGGER_OOB,TAGGEE
365,1702248817,640,10,False,2.4800000190734863,2.2320001125335693,194.1017608642578,270.8152770996094,0.33/0.20,0.26/0.27,125,TAGGEE_OOB,TAGGER
366,1702248822,640,10,False,2.46875,2.221874952316284,185.382080078125,169.3363037109375,0.25/0.28,0.25/0.22,80,TAGGEE_HIT_OBS,TAGGER
367,1702248826,640,10,False,2.465277671813965,2.21875,165.97865295410156,151.46694946289062,0.24/0.25,0.24/0.25,72,TAGGER_OOB,TAGGEE
368,1702248831,640,10,False,2.47863245010376,2.230769157409668,273.4385681152344,240.6088409423828,0.22/0.25,0.28/0.22,117,TAGGEE_OOB,TAGGER
369,1702248834,640,10,False,2.4874372482299805,2.2386934757232666,459.8928527832031,394.60162353515625,0.26/0.26,0.23/0.28,199,TAGGER_OOB,TAGGEE
370,1702248839,640,10,False,2.465277671813965,2.21875,172.1499481201172,152.6178741455078,0.26/0.31,0.24/0.27,72,TAGGER_OOB,TAGGEE
371,1702248844,640,10,False,2.476635456085205,2.2289719581604004,238.8192901611328,231.5283660888672,0.26/0.22,0.24/0.25,107,TAGGEE_OOB,TAGGER
372,1702248847,640,10,False,2.462686538696289,2.216418027877808,155.28819274902344,138.77125549316406,0.26/0.32,0.25/0.19,67,TAGGEE_OOB,TAGGER
373,1702248855,640,10,False,2.4803149700164795,2.232283353805542,193.7452545166016,231.7418365478516,0.21/0.33,0.30/0.20,127,TAGGEE_OOB,TAGGER
374,1702248861,640,10,False,2.4583332538604736,2.212500095367432,142.363525390625,123.83892822265624,0.27/0.21,0.18/0.29,60,TAGGER_OOB,TAGGEE
375,1702248863,640,10,False,2.4837663173675537,2.235389709472656,358.7689514160156,331.2758178710937,0.24/0.25,0.28/0.27,154,TAGGER_OOB,TAGGEE
376,1702248867,640,10,False,2.4675323963165283,2.2207791805267334,186.062240600586,160.82962036132812,0.23/0.25,0.23/0.24,77,TAGGEE_OOB,TAGGER
377,1702248868,640,10,False,2.4609375,2.21484375,153.43435668945312,138.16366577148438,0.21/0.23,0.27/0.27,64,TAGGEE_OOB,TAGGER
378,1702248873,640,10,False,2.4642856121063232,2.2178571224212646,160.7606964111328,149.05670166015625,0.28/0.20,0.24/0.25,70,TAGGER_OOB,TAGGEE
379,1702248876,640,10,False,2.4782607555389404,2.230434894561768,261.87847900390625,247.391357421875,0.30/0.24,0.23/0.27,115,TAGGER_HIT_OBS,TAGGEE
380,1702248878,640,10,False,2.4657533168792725,2.2191781997680664,161.61209106445312,154.09007263183594,0.21/0.29,0.24/0.24,73,TAGGER_OOB,TAGGEE
381,1702248883,640,10,False,2.4642856121063232,2.2178571224212646,157.8572235107422,151.1309814453125,0.26/0.25,0.26/0.23,70,TAGGER_OOB,TAGGEE
382,1702248887,640,10,False,2.481884002685547,2.23369574546814,326.34490966796875,294.3509521484375,0.24/0.26,0.24/0.24,138,TAGGER_HIT_OBS,TAGGEE
383,1702248891,640,10,False,2.4666666984558105,2.220000028610229,176.7155303955078,156.23768615722656,0.27/0.27,0.23/0.31,75,TAGGEE_OOB,TAGGER
384,1702248893,640,10,False,2.477272748947144,2.22954535484314,256.9190673828125,235.4374389648437,0.23/0.26,0.20/0.22,110,TAGGER_OOB,TAGGEE
385,1702248897,640,10,False,2.469512224197388,2.22256088256836,172.89450073242188,155.44000244140625,0.18/0.33,0.34/0.18,82,TAGGER_HIT_OBS,TAGGEE
386,1702248899,640,10,False,2.4768519401550293,2.2291667461395264,245.1200408935547,227.2709350585937,0.30/0.22,0.24/0.25,108,TAGGEE_OOB,TAGGER
387,1702248902,640,10,False,2.4749999046325684,2.227499961853028,236.990951538086,198.8349609375,0.24/0.22,0.27/0.25,100,TAGGER_OOB,TAGGEE
388,1702248906,640,10,False,2.4892241954803467,2.240301609039306,544.9268798828125,474.7115173339844,0.27/0.27,0.25/0.27,232,TAGGEE_OOB,TAGGER
389,1702248917,640,10,False,2.4834437370300293,2.2350993156433105,350.2478942871094,292.760498046875,0.22/0.29,0.28/0.21,151,TAGGER_OOB,TAGGEE
390,1702248926,640,10,False,2.474489688873291,2.2270407676696777,177.41635131835938,204.7997283935547,0.30/0.21,0.26/0.27,98,TAGGEE_HIT_OBS,TAGGER
391,1702248928,640,10,False,2.4770641326904297,2.2293577194213867,246.3386688232422,224.0939483642578,0.23/0.28,0.32/0.25,109,TAGGEE_OOB,TAGGER
392,1702248933,640,10,False,2.469879627227783,2.222891569137573,172.0324249267578,174.93690490722656,0.31/0.17,0.25/0.25,83,TAGGEE_HIT_OBS,TAGGER
393,1702248937,640,10,False,2.471264362335205,2.224138021469116,210.63406372070312,180.7169952392578,0.25/0.24,0.22/0.23,87,TAGGER_OOB,TAGGEE
394,1702248939,640,10,False,2.463235378265381,2.216911792755127,162.9395751953125,146.4365997314453,0.25/0.20,0.28/0.28,68,TAGGER_OOB,TAGGEE
395,1702248940,640,10,False,2.480620145797729,2.232558250427246,280.1517333984375,281.5566101074219,0.29/0.24,0.25/0.26,129,TAGGER_OOB,TAGGEE
396,1702248944,640,10,False,2.473684310913086,2.22631573677063,218.3092193603516,206.4458923339844,0.30/0.22,0.23/0.23,95,TAGGEE_OOB,TAGGER
397,1702248946,640,10,False,2.462686538696289,2.216418027877808,161.27114868164062,143.27447509765625,0.24/0.23,0.27/0.28,67,TAGGER_HIT_OBS,TAGGEE
398,1702248948,640,10,False,2.46212124824524,2.215909004211426,157.13673400878906,142.3338623046875,0.22/0.25,0.24/0.26,66,TAGGEE_OOB,TAGGER
399,1702248950,640,10,False,2.4583332538604736,2.212500095367432,141.09010314941406,122.98567199707033,0.30/0.26,0.29/0.28,60,TAGGEE_HIT_OBS,TAGGER
400,1702248956,640,10,False,2.475247621536255,2.227722883224488,241.3233184814453,219.29977416992188,0.25/0.24,0.25/0.27,101,TAGGEE_OOB,TAGGER
401,1702248958,640,10,False,2.460317373275757,2.2142856121063232,149.0247802734375,135.1939697265625,0.23/0.28,0.26/0.25,63,TAGGEE_OOB,TAGGER
402,1702248960,640,10,False,2.4675323963165283,2.2207791805267334,180.5483856201172,154.89854431152344,0.23/0.28,0.31/0.22,77,TAGGER_HIT_OBS,TAGGEE
403,1702248962,640,10,False,2.4780702590942383,2.2302632331848145,271.22430419921875,194.1199645996093,0.25/0.26,0.18/0.30,114,TAGGEE_OOB,TAGGER
404,1702248965,640,10,False,2.475490093231201,2.2279412746429443,234.48306274414065,206.2059326171875,0.29/0.24,0.21/0.31,102,TAGGEE_OOB,TAGGER
405,1702248968,640,10,False,2.460317373275757,2.2142856121063232,131.78968811035156,127.16898345947266,0.35/0.20,0.17/0.30,63,TAGGER_OOB,TAGGEE
406,1702248970,640,10,False,2.474489688873291,2.2270407676696777,231.05584716796875,205.92466735839844,0.22/0.26,0.25/0.27,98,TAGGEE_OOB,TAGGER
407,1702248972,640,10,False,2.470588207244873,2.22352933883667,203.1023712158203,172.0774688720703,0.26/0.25,0.20/0.30,85,TAGGEE_OOB,TAGGER
408,1702248975,640,10,False,2.4647886753082275,2.2183098793029785,171.2406768798828,141.69076538085938,0.24/0.21,0.26/0.23,71,TAGGER_HIT_OBS,TAGGEE
409,1702248977,640,10,False,2.470588207244873,2.22352933883667,180.3902130126953,181.595932006836,0.19/0.33,0.28/0.25,85,TAGGER_HIT_OBS,TAGGEE
410,1702248984,640,10,False,2.459677457809448,2.213709592819214,134.6913299560547,129.6505126953125,0.32/0.18,0.30/0.25,62,TAGGEE_HIT_OBS,TAGGER
411,1702248986,640,10,False,2.4813432693481445,2.2332088947296143,323.4769287109375,262.91363525390625,0.23/0.24,0.29/0.24,134,TAGGER_OOB,TAGGEE
412,1702248996,640,10,False,2.4864864349365234,2.237837791442871,430.7849426269531,343.8841552734375,0.26/0.24,0.21/0.27,185,TAGGER_OOB,TAGGEE
413,1702249002,640,10,False,2.469512224197388,2.22256088256836,192.42710876464844,168.94961547851562,0.26/0.29,0.23/0.27,82,TAGGER_OOB,TAGGEE
414,1702249005,640,10,False,2.461538553237915,2.215384721755981,155.82693481445312,135.7683563232422,0.20/0.25,0.27/0.24,65,TAGGEE_OOB,TAGGER
415,1702249009,640,10,False,2.482269525527954,2.2340426445007324,307.3123474121094,306.443115234375,0.24/0.30,0.25/0.25,141,TAGGEE_OOB,TAGGER
416,1702249014,640,10,False,2.4847559928894043,2.23628044128418,373.2996520996094,354.2286376953125,0.25/0.22,0.24/0.24,164,TAGGER_HIT_OBS,TAGGEE
417,1702249021,640,10,False,2.4647886753082275,2.2183098793029785,168.6958465576172,146.6883544921875,0.26/0.25,0.26/0.22,71,TAGGEE_OOB,TAGGER
418,1702249024,640,10,False,2.465277671813965,2.21875,170.22389221191406,151.6522979736328,0.25/0.28,0.23/0.20,72,TAGGEE_OOB,TAGGER
419,1702249027,640,10,False,2.470588207244873,2.22352933883667,205.0023651123047,177.07913208007812,0.21/0.24,0.25/0.22,85,TAGGER_OOB,TAGGEE
420,1702249029,640,10,False,2.460317373275757,2.2142856121063232,144.6995086669922,133.7550811767578,0.20/0.25,0.27/0.25,63,TAGGEE_OOB,TAGGER
421,1702249031,640,10,False,2.4847559928894043,2.23628044128418,387.2623596191406,344.809326171875,0.25/0.26,0.27/0.23,164,TAGGER_OOB,TAGGEE
422,1702249036,640,10,False,2.4784483909606934,2.2306034564971924,268.7954406738281,250.8060302734375,0.25/0.23,0.24/0.24,116,TAGGEE_OOB,TAGGER
423,1702249045,640,10,False,2.459677457809448,2.213709592819214,139.3349151611328,132.10324096679688,0.23/0.32,0.24/0.28,62,TAGGEE_HIT_OBS,TAGGER
424,1702249047,640,10,False,2.46212124824524,2.215909004211426,127.70741271972656,137.1050567626953,0.18/0.33,0.24/0.25,66,TAGGEE_HIT_OBS,TAGGER
425,1702249050,640,10,False,2.469512224197388,2.22256088256836,195.1626434326172,175.8741912841797,0.26/0.20,0.25/0.28,82,TAGGEE_HIT_OBS,TAGGER
426,1702249052,640,10,False,2.4803149700164795,2.232283353805542,295.7719421386719,268.197021484375,0.27/0.25,0.25/0.26,127,TAGGER_OOB,TAGGEE
427,1702249057,640,10,False,2.470238208770752,2.2232143878936768,188.1349334716797,181.86276245117188,0.24/0.28,0.19/0.25,84,TAGGER_OOB,TAGGEE
428,1702249059,640,10,False,2.4813432693481445,2.2332088947296143,308.0290222167969,289.7796936035156,0.27/0.27,0.27/0.27,134,TAGGER_OOB,TAGGEE
429,1702249063,640,10,False,2.4647886753082275,2.2183098793029785,167.3137969970703,148.9315185546875,0.24/0.28,0.23/0.25,71,TAGGEE_OOB,TAGGER
430,1702249065,640,10,False,2.4657533168792725,2.2191781997680664,173.79324340820312,155.78794860839844,0.25/0.28,0.28/0.29,73,TAGGEE_OOB,TAGGER
431,1702249066,640,10,False,2.4739582538604736,2.2265625,179.86109924316406,201.47938537597656,0.31/0.20,0.30/0.24,96,TAGGEE_HIT_OBS,TAGGER
432,1702249070,640,10,False,2.4671051502227783,2.2203948497772217,176.22438049316406,160.04568481445312,0.30/0.19,0.25/0.23,76,TAGGER_OOB,TAGGEE
433,1702249074,640,10,False,2.4590163230896,2.2131147384643555,144.2784423828125,131.74563598632812,0.28/0.28,0.28/0.25,61,TAGGEE_OOB,TAGGER
434,1702249075,640,10,False,2.482993125915528,2.234693765640259,347.4237670898437,294.2202453613281,0.24/0.27,0.26/0.26,147,TAGGEE_OOB,TAGGER
435,1702249079,640,10,False,2.475961446762085,2.228365421295166,249.632064819336,196.18582153320312,0.23/0.24,0.26/0.22,104,TAGGER_OOB,TAGGEE
436,1702249082,640,10,False,2.4590163230896,2.2131147384643555,137.1825408935547,117.86978149414062,0.37/0.21,0.18/0.32,61,TAGGER_OOB,TAGGEE
437,1702249083,640,10,False,2.4778761863708496,2.230088472366333,261.55035400390625,208.72067260742188,0.27/0.22,0.27/0.18,113,TAGGER_OOB,TAGGEE
438,1702249087,640,10,False,2.4609375,2.21484375,151.31915283203125,135.63449096679688,0.23/0.24,0.21/0.28,64,TAGGEE_HIT_OBS,TAGGER
439,1702249089,640,10,False,2.4747474193573,2.227272748947144,238.4221343994141,206.91427612304688,0.27/0.23,0.25/0.25,99,TAGGER_OOB,TAGGEE
440,1702249092,640,10,False,2.4675323963165283,2.2207791805267334,185.59825134277344,161.0352020263672,0.24/0.28,0.32/0.25,77,TAGGER_HIT_OBS,TAGGEE
441,1702249098,640,10,False,2.461538553237915,2.215384721755981,151.81129455566406,139.53515625,0.23/0.30,0.26/0.21,65,TAGGER_OOB,TAGGEE
442,1702249099,640,10,False,2.4844720363616943,2.236024856567383,365.4456176757813,343.8375244140625,0.27/0.27,0.25/0.26,161,TAGGEE_OOB,TAGGER
443,1702249104,640,10,False,2.475728273391724,2.228155374526977,215.924545288086,202.36724853515625,0.19/0.30,0.20/0.31,103,TAGGEE_OOB,TAGGER
444,1702249107,640,10,False,2.476635456085205,2.2289719581604004,246.1756896972656,228.38153076171875,0.24/0.22,0.25/0.24,107,TAGGEE_HIT_OBS,TAGGER
445,1702249112,640,10,False,2.46212124824524,2.215909004211426,153.3213348388672,142.60113525390625,0.30/0.21,0.25/0.24,66,TAGGER_OOB,TAGGEE
446,1702249119,640,10,False,2.4609375,2.21484375,148.34237670898438,136.18597412109375,0.29/0.24,0.28/0.30,64,TAGGEE_OOB,TAGGER
447,1702249121,640,10,False,2.4776785373687744,2.2299106121063232,266.12567138671875,240.96424865722656,0.23/0.27,0.23/0.26,112,TAGGER_OOB,TAGGEE
448,1702249124,640,10,False,2.4647886753082275,2.2183098793029785,162.69383239746094,153.3236083984375,0.31/0.18,0.23/0.27,71,TAGGER_OOB,TAGGEE
449,1702249127,640,10,False,2.477272748947144,2.22954535484314,256.3294982910156,230.3769073486328,0.24/0.28,0.21/0.26,110,TAGGER_HIT_OBS,TAGGEE
450,1702249130,640,10,False,2.465277671813965,2.21875,169.47300720214844,153.7409210205078,0.26/0.25,0.28/0.27,72,TAGGEE_OOB,TAGGER
451,1702249135,640,10,False,2.4778761863708496,2.230088472366333,254.0087127685547,221.1573486328125,0.27/0.24,0.29/0.25,113,TAGGER_HIT_OBS,TAGGEE
452,1702249138,640,10,False,2.471590995788574,2.2244317531585693,176.7469482421875,191.639389038086,0.17/0.31,0.25/0.25,88,TAGGER_OOB,TAGGEE
453,1702249146,640,10,False,2.475728273391724,2.228155374526977,246.2421112060547,222.40269470214844,0.25/0.24,0.22/0.25,103,TAGGER_HIT_OBS,TAGGEE
454,1702249149,640,10,False,2.465277671813965,2.21875,170.4856414794922,151.8898468017578,0.22/0.22,0.27/0.23,72,TAGGEE_HIT_OBS,TAGGER
455,1702249155,640,10,False,2.463235378265381,2.216911792755127,160.6691436767578,140.23582458496094,0.26/0.23,0.29/0.28,68,TAGGER_HIT_OBS,TAGGEE
456,1702249158,640,10,False,2.462686538696289,2.216418027877808,150.1830291748047,139.90716552734375,0.33/0.23,0.20/0.28,67,TAGGER_OOB,TAGGEE
457,1702249162,640,10,False,2.4795081615448,2.2315573692321777,284.4707336425781,255.0734405517578,0.24/0.27,0.25/0.26,122,TAGGEE_HIT_OBS,TAGGER
458,1702249165,640,10,False,2.4814815521240234,2.2333333492279053,317.4794006347656,269.6029968261719,0.23/0.25,0.22/0.26,135,TAGGEE_OOB,TAGGER
459,1702249169,640,10,False,2.474226713180542,2.22680401802063,228.10731506347656,209.9212188720703,0.24/0.29,0.23/0.25,97,TAGGER_HIT_OBS,TAGGEE
460,1702249172,640,10,False,2.469879627227783,2.222891569137573,172.7176971435547,180.9168243408203,0.17/0.33,0.26/0.24,83,TAGGEE_OOB,TAGGER
461,1702249174,640,10,False,2.4809160232543945,2.2328243255615234,313.4588317871094,252.14051818847656,0.22/0.26,0.26/0.22,131,TAGGEE_OOB,TAGGER
462,1702249179,640,10,False,2.4734041690826416,2.2260637283325195,202.8720245361328,200.0728759765625,0.19/0.33,0.25/0.23,94,TAGGEE_OOB,TAGGER
463,1702249183,640,10,False,2.4780702590942383,2.2302632331848145,179.582275390625,243.56149291992188,0.30/0.20,0.23/0.27,114,TAGGER_HIT_OBS,TAGGEE
464,1702249186,640,10,False,2.477477550506592,2.229729652404785,197.80960083007807,236.8081970214844,0.21/0.32,0.25/0.22,111,TAGGER_HIT_OBS,TAGGEE
465,1702249190,640,10,False,2.461538553237915,2.215384721755981,155.1046142578125,139.72007751464844,0.24/0.24,0.22/0.23,65,TAGGER_OOB,TAGGEE
466,1702249193,640,10,False,2.4834437370300293,2.2350993156433105,349.2086181640625,319.5201110839844,0.24/0.27,0.25/0.25,151,TAGGEE_OOB,TAGGER
467,1702249197,640,10,False,2.4778761863708496,2.230088472366333,267.872802734375,224.3939666748047,0.26/0.28,0.23/0.28,113,TAGGER_OOB,TAGGEE
468,1702249202,640,10,False,2.46212124824524,2.215909004211426,146.3478240966797,140.7313995361328,0.27/0.22,0.26/0.29,66,TAGGEE_HIT_OBS,TAGGER
469,1702249204,640,10,False,2.46875,2.221874952316284,191.15924072265625,173.13490295410156,0.24/0.27,0.27/0.25,80,TAGGEE_OOB,TAGGER
470,1702249208,640,10,False,2.4782607555389404,2.230434894561768,260.19464111328125,227.8584442138672,0.28/0.23,0.27/0.23,115,TAGGEE_HIT_OBS,TAGGER
471,1702249212,640,10,False,2.4583332538604736,2.212500095367432,133.76109313964844,114.73094940185548,0.31/0.20,0.31/0.15,60,TAGGEE_HIT_OBS,TAGGER
472,1702249218,640,10,False,2.46875,2.221874952316284,190.029525756836,171.1993408203125,0.25/0.25,0.25/0.26,80,TAGGER_HIT_OBS,TAGGEE
473,1702249222,640,10,False,2.460317373275757,2.2142856121063232,150.80543518066406,114.05612182617188,0.22/0.21,0.18/0.38,63,TAGGER_OOB,TAGGEE
474,1702249223,640,10,False,2.469512224197388,2.22256088256836,171.29122924804688,168.63059997558594,0.33/0.20,0.31/0.20,82,TAGGER_HIT_OBS,TAGGEE
475,1702249225,640,10,False,2.4691357612609863,2.222222328186035,181.833251953125,175.47532653808594,0.30/0.21,0.27/0.21,81,TAGGEE_OOB,TAGGER
476,1702249228,640,10,False,2.4816176891326904,2.2334558963775635,292.16094970703125,292.7040405273437,0.22/0.27,0.24/0.25,136,TAGGER_OOB,TAGGEE
477,1702249233,640,10,False,2.472222328186035,2.2249999046325684,214.8565216064453,176.00840759277344,0.23/0.25,0.32/0.16,90,TAGGEE_OOB,TAGGER
478,1702249235,640,10,False,2.474226713180542,2.22680401802063,222.6134033203125,179.61822509765625,0.28/0.26,0.20/0.31,97,TAGGEE_HIT_OBS,TAGGER
479,1702249239,640,10,False,2.4609375,2.21484375,147.89195251464844,136.82037353515625,0.25/0.27,0.23/0.27,64,TAGGEE_HIT_OBS,TAGGER
480,1702249240,640,10,False,2.473118305206299,2.225806474685669,217.13836669921875,169.7600555419922,0.22/0.26,0.18/0.29,93,TAGGER_OOB,TAGGEE
481,1702249243,640,10,False,2.4749999046325684,2.227499961853028,229.6768493652344,189.0133514404297,0.31/0.25,0.21/0.32,100,TAGGEE_OOB,TAGGER
482,1702249247,640,10,False,2.470930337905884,2.22383713722229,202.2505340576172,180.8635711669922,0.23/0.29,0.27/0.25,86,TAGGEE_HIT_OBS,TAGGER
483,1702249249,640,10,False,2.475490093231201,2.2279412746429443,238.11715698242188,208.544189453125,0.26/0.22,0.27/0.22,102,TAGGER_OOB,TAGGEE
484,1702249252,640,10,False,2.473118305206299,2.225806474685669,219.23391723632807,181.3723602294922,0.28/0.26,0.20/0.26,93,TAGGER_HIT_OBS,TAGGEE
485,1702249254,640,10,False,2.4782607555389404,2.230434894561768,268.063232421875,252.454345703125,0.27/0.22,0.25/0.25,115,TAGGER_HIT_OBS,TAGGEE
486,1702249258,640,10,False,2.462686538696289,2.216418027877808,145.76866149902344,140.85147094726562,0.21/0.29,0.29/0.22,67,TAGGED,TAGGER
487,1702249260,640,10,False,2.4675323963165283,2.2207791805267334,171.69656372070312,162.020263671875,0.19/0.28,0.20/0.22,77,TAGGER_OOB,TAGGEE
488,1702249262,640,10,False,2.4666666984558105,2.220000028610229,179.7303466796875,141.4949951171875,0.26/0.26,0.23/0.27,75,TAGGER_OOB,TAGGEE
489,1702249268,640,10,False,2.4583332538604736,2.212500095367432,123.86990356445312,120.63351440429688,0.17/0.35,0.28/0.18,60,TAGGEE_HIT_OBS,TAGGER
490,1702249272,640,10,False,2.461538553237915,2.215384721755981,128.31166076660156,138.51858520507812,0.18/0.33,0.32/0.24,65,TAGGER_OOB,TAGGEE
491,1702249277,640,10,False,2.4675323963165283,2.2207791805267334,185.80078125,148.2147216796875,0.20/0.23,0.19/0.31,77,TAGGEE_OOB,TAGGER
492,1702249279,640,10,False,2.4768519401550293,2.2291667461395264,260.0398254394531,230.82174682617188,0.25/0.25,0.22/0.22,108,TAGGER_OOB,TAGGEE
493,1702249283,640,10,False,2.4691357612609863,2.222222328186035,191.9498443603516,173.3529510498047,0.24/0.26,0.29/0.25,81,TAGGER_OOB,TAGGEE
494,1702249286,640,10,False,2.463235378265381,2.216911792755127,158.19265747070312,143.2710723876953,0.20/0.27,0.27/0.27,68,TAGGEE_OOB,TAGGER
495,1702249292,640,10,False,2.463235378265381,2.216911792755127,140.91160583496094,125.52303314208984,0.33/0.19,0.31/0.17,68,TAGGEE_HIT_OBS,TAGGER
496,1702249293,640,10,False,2.4683544635772705,2.221518993377685,184.6741638183593,160.86395263671875,0.19/0.26,0.32/0.24,79,TAGGEE_OOB,TAGGER
497,1702249295,640,10,False,2.475961446762085,2.228365421295166,233.9032592773437,169.00006103515625,0.31/0.22,0.18/0.33,104,TAGGEE_HIT_OBS,TAGGER
498,1702249299,640,10,False,2.4761905670166016,2.2285714149475098,233.4900054931641,224.7962188720703,0.29/0.26,0.19/0.23,105,TAGGER_OOB,TAGGEE
499,1702249301,640,10,False,2.4583332538604736,2.2125000953674316,143.3931884765625,128.1915283203125,0.26/0.29,0.27/0.23,60,TAGGER_OOB,TAGGEE
